Temp ( C ),Time/min,5 K/min,5 K/min,,Temp ( C ),Time/min,10 K/min,10 K/min,,Temp ( C ),Time/min,15 K/min,15 K/min,,Temp ( C ),Time/min,20 K/min,20 K/min
5.00,5.00,5.00,5.00,,10.00,10.00,10.00,10.00,,15.00,15.00,15.00,15.00,,20.00,20.00,20.00,20.00
4.80,4.80,4.80,4.80,,9.00,9.00,9.00,9.00,,8.30,8.30,8.30,8.30,,7.70,7.70,7.70,7.70
29.692,0.00E+00,100,0.61361,,30.945,0,100,-0.53178,,27.457,0.00E+00,100,-0.27409,,27.043,0.00E+00,100,-0.22254
34.692,1.63523,99.63026,-0.50031,,35.945,1.15249,99.41895,-0.59022,,32.457,0.74654,99.94055,-0.31464,,32.043,0.6226,100.05211,-0.21649
39.692,2.66807,99.00546,-0.61951,,40.945,1.78178,99.01448,-0.70916,,37.457,1.18028,99.73321,-0.61582,,37.043,0.97747,99.91248,-0.58787
44.692,3.61761,98.41193,-0.63960,,45.945,2.31515,98.61156,-0.82800,,42.457,1.55095,99.46553,-0.88569,,42.043,1.2787,99.68636,-0.91144
49.692,4.55174,97.77192,-0.61778,,50.945,2.80751,98.16741,-0.92455,,47.457,1.89064,99.11664,-1.15184,,47.043,1.55185,99.40681,-1.22792
54.692,5.49044,97.23012,-0.55834,,55.945,3.28002,97.70495,-0.97909,,52.457,2.213,98.70482,-1.39656,,52.043,1.80762,99.05817,-1.54365
59.692,6.44212,96.73528,-0.47780,,60.945,3.74204,97.24454,-0.99173,,57.457,2.52439,98.22641,-1.59875,,57.043,2.0517,98.62919,-1.82937
64.692,7.40735,96.32233,-0.39709,,65.945,4.19916,96.78412,-0.96095,,62.457,2.82906,97.70656,-1.73983,,62.043,2.28796,98.15949,-2.05491
69.692,8.38277,95.96062,-0.32190,,70.945,4.65525,96.34863,-0.88950,,67.457,3.12935,97.15617,-1.80057,,67.043,2.51866,97.64376,-2.19969
74.692,9.36543,95.69632,-0.24575,,75.945,5.11194,95.96643,-0.79032,,72.457,3.42661,96.60622,-1.77269,,72.043,2.74505,97.11285,-2.25426
79.692,10.34998,95.48125,-0.19782,,80.945,5.57239,95.62467,-0.67514,,77.457,3.72245,96.08899,-1.67624,,77.043,2.96816,96.59311,-2.22183
84.692,11.33847,95.2997,-0.14818,,85.945,6.03595,95.34248,-0.55342,,82.457,4.01772,95.60677,-1.52930,,82.043,3.18885,96.1012,-2.11388
89.692,12.32981,95.18127,-0.11698,,90.945,6.50445,95.1061,-0.42771,,87.457,4.31368,95.16981,-1.34144,,87.043,3.40775,95.64262,-1.94825
94.692,13.32028,95.07885,-0.09183,,95.945,6.97793,94.94748,-0.31914,,92.457,4.61099,94.80585,-1.13856,,92.043,3.62605,95.23362,-1.74600
99.692,14.31004,95.00476,-0.07688,,100.945,7.45657,94.81402,-0.24532,,97.457,4.91032,94.49781,-0.94183,,97.043,3.84406,94.87228,-1.52475
104.692,15.29799,94.93141,-0.06948,,105.945,7.93956,94.70969,-0.18662,,102.457,5.213,94.24432,-0.75929,,102.043,4.06275,94.56044,-1.29737
109.692,16.2891,94.86896,-0.05960,,110.945,8.42665,94.63834,-0.14540,,107.457,5.51941,94.0416,-0.59856,,107.043,4.28248,94.30828,-1.08007
114.692,17.28041,94.80445,-0.05711,,115.945,8.91734,94.57184,-0.11780,,112.457,5.82934,93.8812,-0.46059,,112.043,4.50386,94.10003,-0.88837
119.692,18.26674,94.76458,-0.05867,,120.945,9.40614,94.52319,-0.09554,,117.457,6.14344,93.76098,-0.35287,,117.043,4.72681,93.92976,-0.72863
124.692,19.25198,94.69148,-0.05716,,125.945,9.89523,94.48073,-0.07935,,122.457,6.45871,93.66616,-0.28714,,122.043,4.95321,93.78693,-0.59640
129.692,20.23749,94.63298,-0.05471,,130.945,10.38412,94.44884,-0.07118,,127.457,6.77599,93.58548,-0.24611,,127.043,5.18177,93.66192,-0.49085
134.692,21.22443,94.58757,-0.05009,,135.945,10.87317,94.41224,-0.06768,,132.457,7.09461,93.51291,-0.21728,,132.043,5.40978,93.57734,-0.41904
139.692,22.21156,94.54422,-0.05486,,140.945,11.36248,94.37891,-0.06403,,137.457,7.41574,93.45199,-0.20263,,137.043,5.63951,93.49505,-0.37956
144.692,23.19934,94.47505,-0.06771,,145.945,11.85133,94.35326,-0.06555,,142.457,7.73759,93.38445,-0.19625,,142.043,5.87121,93.39771,-0.35782
149.692,24.18615,94.41212,-0.06986,,150.945,12.33999,94.3168,-0.07287,,147.457,8.06063,93.32468,-0.19219,,147.043,6.10397,93.32873,-0.34400
154.692,25.17327,94.33687,-0.08124,,155.945,12.82814,94.2788,-0.07875,,152.457,8.38356,93.26142,-0.18853,,152.043,6.33812,93.24846,-0.33864
159.692,26.16015,94.25237,-0.08995,,160.945,13.31586,94.24411,-0.09208,,157.457,8.70608,93.20023,-0.18261,,157.043,6.57267,93.1701,-0.34105
164.692,27.14675,94.15864,-0.09991,,165.945,13.80377,94.19182,-0.11379,,162.457,9.02917,93.14529,-0.18436,,162.043,6.80827,93.08962,-0.34951
169.692,28.13476,94.04971,-0.11746,,170.945,14.29187,94.1322,-0.13980,,167.457,9.35199,93.08756,-0.20351,,167.043,7.04536,93.00632,-0.36369
174.692,29.12235,93.92411,-0.13619,,175.945,14.78059,94.05578,-0.16698,,172.457,9.67537,93.01311,-0.23010,,172.043,7.28327,92.92212,-0.38032
179.692,30.11198,93.78542,-0.16755,,180.945,15.27046,93.97131,-0.19929,,177.457,9.99903,92.93501,-0.25358,,177.043,7.52201,92.82086,-0.40037
184.692,31.10431,93.59461,-0.19365,,185.945,15.76106,93.86233,-0.24393,,182.457,10.32347,92.85197,-0.28557,,182.043,7.76157,92.73984,-0.43374
189.692,32.09781,93.40217,-0.22167,,190.945,16.25382,93.73702,-0.29932,,187.457,10.64833,92.75619,-0.33811,,187.043,8.00163,92.62246,-0.48114
194.692,33.093,93.15486,-0.25536,,195.945,16.74731,93.56335,-0.35811,,192.457,10.97425,92.63424,-0.40482,,192.043,8.24287,92.4992,-0.53738
199.692,34.09018,92.88511,-0.28831,,200.945,17.24287,93.37573,-0.41360,,197.457,11.30057,92.49609,-0.46788,,197.043,8.48594,92.36695,-0.60775
204.692,35.08724,92.56557,-0.32339,,205.945,17.73966,93.15925,-0.46744,,202.457,11.62864,92.32552,-0.52862,,202.043,8.72978,92.21685,-0.69665
209.692,36.08521,92.25771,-0.36250,,210.945,18.23767,92.91614,-0.52896,,207.457,11.95816,92.14709,-0.59956,,207.043,8.9745,92.03412,-0.79710
214.692,37.08419,91.85179,-0.40413,,215.945,18.73627,92.63355,-0.60069,,212.457,12.28833,91.93624,-0.68711,,212.043,9.22023,91.81643,-0.89942
219.692,38.08445,91.4307,-0.46033,,220.945,19.23542,92.31456,-0.67852,,217.457,12.61968,91.69244,-0.78034,,217.043,9.46715,91.59178,-1.00623
224.692,39.08143,90.94518,-0.52331,,225.945,19.73498,91.95815,-0.76745,,222.457,12.95205,91.41926,-0.87771,,222.043,9.71497,91.3286,-1.12586
229.692,40.08264,90.3881,-0.58980,,230.945,20.23477,91.55049,-0.87335,,227.457,13.28448,91.10983,-0.98699,,227.043,9.96335,91.03496,-1.25937
234.692,41.08222,89.77372,-0.67950,,235.945,20.73365,91.09375,-1.00208,,232.457,13.61705,90.76219,-1.11015,,232.043,10.21187,90.7075,-1.40970
239.692,42.08364,89.01845,-0.79776,,240.945,21.2334,90.56215,-1.16706,,237.457,13.94995,90.37597,-1.25773,,237.043,10.46097,90.34407,-1.59106
244.692,43.08273,88.17976,-0.92020,,245.945,21.73232,89.93619,-1.36639,,242.457,14.28285,89.93682,-1.45090,,242.043,10.71013,89.93651,-1.81858
249.692,44.07905,87.178,-1.06508,,250.945,22.23165,89.20589,-1.60687,,247.457,14.6156,89.42343,-1.69827,,247.043,10.95907,89.45456,-2.10372
254.692,45.07705,86.05573,-1.23646,,255.945,22.73055,88.34299,-1.89783,,252.457,14.94838,88.81656,-2.00671,,252.043,11.20863,88.90061,-2.47534
259.692,46.07537,84.72262,-1.42640,,260.945,23.22856,87.33174,-2.24885,,257.457,15.28121,88.1014,-2.40410,,257.043,11.45791,88.26217,-2.98368
264.692,47.07416,83.19855,-1.60881,,265.945,23.72613,86.12256,-2.66550,,262.457,15.61355,87.2502,-2.92956,,262.043,11.70716,87.51551,-3.63071
269.692,48.07186,81.51943,-1.79579,,270.945,24.22464,84.67216,-3.09410,,267.457,15.94561,86.14128,-3.52854,,267.043,11.95608,86.55288,-4.32128
274.692,49.06778,79.62502,-1.95188,,275.945,24.72271,83.02538,-3.46365,,272.457,16.27745,84.94898,-4.08478,,272.043,12.20485,85.30249,-4.99293
279.692,50.06835,77.61284,-2.08449,,280.945,25.2215,81.18412,-3.75016,,277.457,16.60911,83.45454,-4.59455,,277.043,12.45357,84.00469,-5.68221
284.692,51.06644,75.46717,-2.23612,,285.945,25.72036,79.25948,-3.95048,,282.457,16.94064,81.8465,-5.08946,,282.043,12.70206,82.50756,-6.39871
289.692,52.06496,73.14136,-2.38743,,290.945,26.21945,77.24468,-4.11201,,287.457,17.27283,80.06725,-5.52092,,287.043,12.95046,80.8164,-7.07078
294.692,53.06237,70.69612,-2.56928,,295.945,26.71815,75.15942,-4.26616,,292.457,17.60516,78.15685,-5.83725,,292.043,13.19925,78.93091,-7.61124
299.692,54.05961,68.01634,-2.82064,,300.945,27.21712,73.00305,-4.45947,,297.457,17.93791,76.14757,-6.03788,,297.043,13.44851,76.93787,-7.97797
304.692,55.05702,65.08649,-3.10938,,305.945,27.71573,70.73369,-4.74562,,302.457,18.27112,74.11239,-6.17647,,302.043,13.69829,74.91143,-8.20540
309.692,56.05522,61.82235,-3.41580,,310.945,28.2144,68.30824,-5.17335,,307.457,18.60493,72.04018,-6.34944,,307.043,13.9483,72.83721,-8.38165
314.692,57.05256,58.25283,-3.66079,,315.945,28.71279,65.62443,-5.77829,,312.457,18.93804,69.91264,-6.64573,,312.043,14.1986,70.7264,-8.60943
319.692,58.05083,54.50101,-3.73023,,320.945,29.21071,62.58815,-6.50340,,317.457,19.27095,67.64611,-7.13193,,317.043,14.44883,68.57211,-8.99398
324.692,59.04826,50.79148,-3.53156,,325.945,29.70871,59.14121,-7.17182,,322.457,19.60291,65.22709,-7.86910,,322.043,14.69877,66.31092,-9.61970
329.692,60.04823,47.41581,-3.08523,,330.945,30.20633,55.37025,-7.53307,,327.457,19.93449,62.49479,-8.83052,,327.043,14.94845,63.86306,-10.51311
334.692,61.04702,44.62065,-2.47842,,335.945,30.70398,51.49945,-7.35132,,332.457,20.26635,59.37187,-9.81945,,332.043,15.19776,61.17072,-11.60042
339.692,62.04465,42.47803,-1.82895,,340.945,31.20187,47.88766,-6.54986,,337.457,20.59781,55.91331,-10.50299,,337.043,15.44681,58.11276,-12.65477
344.692,63.04351,40.95995,-1.28938,,345.945,31.70074,44.84718,-5.28015,,342.457,20.92869,52.28278,-10.55242,,342.043,15.69549,54.72882,-13.32287
349.692,64.04233,39.90572,-0.91608,,350.945,32.1995,42.56413,-3.86847,,347.457,21.26129,48.72398,-9.77431,,347.043,15.94442,51.21356,-13.26255
354.692,65.04039,39.14575,-0.69536,,355.945,32.69869,41.08607,-2.72012,,352.457,21.5948,45.61247,-8.24589,,352.043,16.1937,47.77374,-12.29296
359.692,66.04001,38.52821,-0.57537,,360.945,33.19792,39.97295,-1.97619,,357.457,21.92901,43.14032,-6.32570,,357.043,16.44376,44.74672,-10.51657
364.692,67.03862,37.98383,-0.50841,,365.945,33.69653,39.16107,-1.51675,,362.457,22.2634,41.39237,-4.46872,,362.043,16.69429,42.35024,-8.30623
369.692,68.03882,37.52372,-0.46703,,370.945,34.19521,38.51085,-1.25029,,367.457,22.59753,40.30373,-3.11288,,367.043,16.94493,40.61015,-6.12983
374.692,69.03815,37.04393,-0.45604,,375.945,34.69356,37.9418,-1.09880,,372.457,22.93045,39.44009,-2.35726,,372.043,17.19532,39.42066,-4.39569
379.692,70.03658,36.61752,-0.43574,,380.945,35.19209,37.42637,-1.00554,,377.457,23.2626,38.76685,-1.92670,,377.043,17.44512,38.69025,-3.29119
384.692,71.0353,36.18468,-0.42679,,385.945,35.69066,36.94087,-0.94712,,382.457,23.59464,38.19628,-1.66316,,382.043,17.69454,37.99115,-2.68027
389.692,72.03378,35.76436,-0.42864,,390.945,36.18964,36.48478,-0.90309,,387.457,23.9264,37.68125,-1.50408,,387.043,17.94368,37.39291,-2.31593
394.692,73.03281,35.34812,-0.42390,,395.945,36.68842,36.04137,-0.86517,,392.457,24.25822,37.21101,-1.39678,,392.043,18.19264,36.86675,-2.06596
399.692,74.03192,34.91325,-0.42247,,400.945,37.18755,35.62631,-0.84244,,397.457,24.59019,36.76443,-1.32687,,397.043,18.44125,36.39296,-1.89357
404.692,75.03086,34.5094,-0.41818,,405.945,37.68623,35.20826,-0.83016,,402.457,24.92213,36.33122,-1.28286,,402.043,18.69002,35.95125,-1.78010
409.692,76.03052,34.07991,-0.40799,,410.945,38.18469,34.7925,-0.81276,,407.457,25.25428,35.91142,-1.24261,,407.043,18.93885,35.52173,-1.70574
414.692,77.02878,33.68089,-0.40206,,415.945,38.6838,34.39606,-0.78934,,412.457,25.58618,35.50818,-1.20751,,412.043,19.18753,35.10469,-1.65341
419.692,78.02663,33.27264,-0.39655,,420.945,39.18186,34.01004,-0.76650,,417.457,25.91831,35.11553,-1.18745,,417.043,19.43613,34.70346,-1.61323
424.692,79.02656,32.87679,-0.39323,,425.945,39.67941,33.62813,-0.75658,,422.457,26.25086,34.7171,-1.16411,,422.043,19.68525,34.30717,-1.58006
429.692,80.02616,32.49934,-0.38321,,430.945,40.17824,33.26161,-0.75587,,427.457,26.58309,34.34002,-1.12635,,427.043,19.93422,33.92053,-1.54910
434.692,81.02446,32.12732,-0.37634,,435.945,40.67828,32.87534,-0.73491,,432.457,26.91526,33.97246,-1.09075,,432.043,20.183,33.5343,-1.51522
439.692,82.02375,31.73478,-0.38072,,440.945,41.17783,32.51857,-0.70594,,437.457,27.24772,33.61365,-1.06129,,437.043,20.43177,33.15415,-1.47243
444.692,83.0221,31.36042,-0.37447,,445.945,41.67686,32.17109,-0.68978,,442.457,27.58001,33.2685,-1.03299,,442.043,20.68055,32.79641,-1.42121
449.692,84.02091,30.99016,-0.37028,,450.945,42.17637,31.83022,-0.66809,,447.457,27.91173,32.93025,-1.00001,,447.043,20.92953,32.45679,-1.37189
454.692,85.02067,30.61827,-0.36831,,455.945,42.67538,31.50962,-0.63944,,452.457,28.24396,32.60204,-0.96370,,452.043,21.17842,32.11807,-1.32811
459.692,86.01837,30.24695,-0.36327,,460.945,43.17406,31.19124,-0.61372,,457.457,28.57646,32.28301,-0.92450,,457.043,21.42741,31.7909,-1.28297
464.692,87.01841,29.91198,-0.35588,,465.945,43.6731,30.8965,-0.59046,,462.457,28.90911,31.98835,-0.88573,,462.043,21.67636,31.47864,-1.23391
469.692,88.01859,29.53266,-0.35577,,470.945,44.17245,30.6052,-0.56447,,467.457,29.24152,31.69529,-0.84911,,467.043,21.92545,31.17472,-1.18115
474.692,89.01952,29.18863,-0.34633,,475.945,44.6721,30.33082,-0.53245,,472.457,29.57388,31.41895,-0.80749,,472.043,22.17444,30.88502,-1.12395
479.692,90.0211,28.844,-0.33618,,480.945,45.1716,30.07048,-0.49779,,477.457,29.90647,31.15928,-0.76523,,477.043,22.42356,30.60854,-1.06699
484.692,91.02091,28.52365,-0.33425,,485.945,45.67177,29.83042,-0.46751,,482.457,30.23956,30.91116,-0.71916,,482.043,22.6732,30.36051,-1.01480
489.692,92.02264,28.14911,-0.32999,,490.945,46.17207,29.60103,-0.44026,,487.457,30.57294,30.6796,-0.66986,,487.043,22.92281,30.10487,-0.96344
494.692,93.02312,27.86035,-0.31284,,495.945,46.67232,29.39706,-0.41219,,492.457,30.90635,30.46628,-0.62251,,492.043,23.17265,29.87457,-0.90888
499.692,94.02452,27.54801,-0.30864,,500.945,47.17294,29.1918,-0.38676,,497.457,31.23975,30.26285,-0.57542,,497.043,23.42262,29.65374,-0.85214
504.692,95.02376,27.25029,-0.30376,,505.945,47.6733,29.00191,-0.36484,,502.457,31.5735,30.08009,-0.52855,,502.043,23.67259,29.44801,-0.79428
509.692,96.02451,26.93137,-0.30168,,510.945,48.17388,28.83145,-0.35240,,507.457,31.90683,29.91403,-0.48878,,507.043,23.92263,29.25639,-0.73704
514.692,97.02549,26.64673,-0.28203,,515.945,48.67457,28.6361,-0.34307,,512.457,32.24072,29.75925,-0.45527,,512.043,24.17294,29.08043,-0.68468
519.692,98.02546,26.36045,-0.27882,,520.945,49.17525,28.49324,-0.33124,,517.457,32.57458,29.60625,-0.42387,,517.043,24.42321,28.91699,-0.63810
524.692,99.02673,26.08357,-0.26637,,525.945,49.67583,28.31585,-0.31627,,522.457,32.90864,29.46733,-0.39591,,522.043,24.67357,28.75897,-0.59637
529.692,100.0259,25.83758,-0.26277,,530.945,50.17635,28.17038,-0.30162,,527.457,33.24278,29.35497,-0.37824,,527.043,24.92391,28.62381,-0.56403
534.692,101.02678,25.55605,-0.25636,,535.945,50.67684,28.01753,-0.29804,,532.457,33.57631,29.21018,-0.35805,,532.043,25.17437,28.4822,-0.54022
539.692,102.02629,25.31805,-0.25216,,540.945,51.17667,27.8752,-0.29690,,537.457,33.90995,29.11173,-0.33201,,537.043,25.42495,28.34938,-0.51372
544.692,103.02667,25.05509,-0.24522,,545.945,51.67635,27.71897,-0.28468,,542.457,34.24361,28.99952,-0.31364,,542.043,25.67531,28.21676,-0.48153
549.692,104.02608,24.83184,-0.23837,,550.945,52.17563,27.58841,-0.27142,,547.457,34.57721,28.89849,-0.29696,,547.043,25.92549,28.11281,-0.45503
554.692,105.02491,24.58799,-0.23255,,555.945,52.67518,27.45106,-0.26398,,552.457,34.91058,28.80223,-0.28059,,552.043,26.17576,27.99452,-0.43664
559.692,106.02573,24.35884,-0.22482,,560.945,53.17446,27.32405,-0.25829,,557.457,35.24354,28.71288,-0.26926,,557.043,26.42579,27.89455,-0.41366
564.692,107.02431,24.14073,-0.22815,,565.945,53.67494,27.19333,-0.25342,,562.457,35.57619,28.62134,-0.25458,,562.043,26.67596,27.78406,-0.38423
569.692,108.02466,23.90738,-0.22137,,570.945,54.17482,27.07178,-0.24769,,567.457,35.90939,28.54294,-0.23328,,567.043,26.92607,27.70366,-0.36142
574.692,109.0249,23.6812,-0.21054,,575.945,54.67504,26.94515,-0.24148,,572.457,36.24277,28.46721,-0.21960,,572.043,27.17611,27.61269,-0.34743
579.692,110.02419,23.4829,-0.21280,,580.945,55.17485,26.82793,-0.23190,,577.457,36.57584,28.39867,-0.21557,,577.043,27.42624,27.52401,-0.33225
584.692,111.02323,23.28321,-0.21487,,585.945,55.67476,26.7153,-0.22547,,582.457,36.90915,28.32511,-0.20667,,582.043,27.67633,27.44373,-0.31373
589.692,112.02363,23.04317,-0.20791,,590.945,56.17487,26.60115,-0.22276,,587.457,37.24216,28.26011,-0.19687,,587.043,27.92636,27.36829,-0.29855
594.692,113.02545,22.85015,-0.19420,,595.945,56.67527,26.49043,-0.21482,,592.457,37.57527,28.19518,-0.19075,,592.043,28.17653,27.29941,-0.29152
599.692,114.02499,22.67009,-0.19646,,600.945,57.17489,26.389,-0.20731,,597.457,37.90805,28.13385,-0.18521,,597.043,28.42648,27.22711,-0.28829
604.692,115.02392,22.46879,-0.19317,,605.945,57.67484,26.28754,-0.20683,,602.457,38.24125,28.06998,-0.17735,,602.043,28.67649,27.14886,-0.28077
609.692,116.0248,22.27607,-0.18945,,610.945,58.17452,26.18364,-0.20870,,607.457,38.57438,28.01335,-0.16649,,607.043,28.92656,27.08243,-0.26930
614.692,117.02397,22.0784,-0.19321,,615.945,58.67347,26.07506,-0.20906,,612.457,38.90753,27.96034,-0.16005,,612.043,29.17648,27.02058,-0.25803
619.692,118.02552,21.88206,-0.19987,,620.945,59.1727,25.9702,-0.20590,,617.457,39.24037,27.90759,-0.15788,,617.043,29.42608,26.95026,-0.24413
624.692,119.02607,21.68719,-0.20593,,625.945,59.67284,25.8683,-0.19852,,622.457,39.57356,27.85341,-0.15232,,622.043,29.6761,26.89195,-0.22796
629.692,120.02564,21.46951,-0.19680,,630.945,60.17349,25.77708,-0.19626,,627.457,39.90645,27.80538,-0.14640,,627.043,29.92607,26.84406,-0.21782
634.692,121.02425,21.29645,-0.18219,,635.945,60.67368,25.67719,-0.19677,,632.457,40.23908,27.75953,-0.14589,,632.043,30.17594,26.79051,-0.21276
639.692,122.02402,21.12091,-0.17961,,640.945,61.17438,25.57503,-0.19104,,637.457,40.57166,27.70835,-0.14610,,637.043,30.42549,26.73234,-0.20457
644.692,123.02278,20.92729,-0.18206,,645.945,61.67552,25.48932,-0.18527,,642.457,40.90467,27.66113,-0.14752,,642.043,30.67506,26.6844,-0.19511
649.692,124.02309,20.74378,-0.18024,,650.945,62.17577,25.38948,-0.18534,,647.457,41.23734,27.61026,-0.14781,,647.043,30.92489,26.6416,-0.19186
654.692,125.02355,20.56974,-0.16988,,655.945,62.67593,25.29964,-0.18744,,652.457,41.57001,27.56203,-0.14244,,652.043,31.17455,26.59224,-0.19566
659.692,126.02274,20.40321,-0.17280,,660.945,63.17551,25.20101,-0.18829,,657.457,41.9026,27.51738,-0.14158,,657.043,31.42423,26.53905,-0.20042
664.692,127.02427,20.23697,-0.17285,,665.945,63.675,25.11262,-0.18677,,662.457,42.23518,27.46943,-0.14339,,662.043,31.67364,26.48698,-0.20071
669.692,128.02283,20.06336,-0.17240,,670.945,64.17471,25.01885,-0.18239,,667.457,42.56807,27.42173,-0.14368,,667.043,31.92338,26.44072,-0.19661
674.692,129.02387,19.88227,-0.16501,,675.945,64.67436,24.92717,-0.17380,,672.457,42.90092,27.37327,-0.14401,,672.043,32.17337,26.39112,-0.19318
679.692,130.02286,19.72501,-0.16688,,680.945,65.17427,24.84305,-0.17235,,677.457,43.23377,27.32519,-0.13945,,677.043,32.42341,26.34727,-0.19556
684.692,131.02394,19.55759,-0.16620,,685.945,65.67583,24.75413,-0.17362,,682.457,43.56763,27.27935,-0.13068,,682.043,32.67253,26.29587,-0.20099
689.692,132.02398,19.3895,-0.16130,,690.945,66.17517,24.66747,-0.17073,,687.457,43.9001,27.23856,-0.12210,,687.043,32.92269,26.24183,-0.20207
694.692,133.02195,19.23548,-0.15598,,695.945,66.67543,24.58217,-0.16321,,692.457,44.233,27.19648,-0.11552,,692.043,33.17244,26.19077,-0.19716
699.692,134.02011,19.08049,-0.14949,,700.945,67.175,24.50912,-0.16316,,697.457,44.56593,27.16274,-0.11196,,697.043,33.42198,26.14421,-0.18916
704.692,135.0236,18.95184,-0.14742,,705.945,67.67469,24.42038,-0.16455,,702.457,44.89912,27.12298,-0.11076,,702.043,33.67232,26.09618,-0.18021
709.692,136.02179,18.77605,-0.15916,,710.945,68.17435,24.3405,-0.15538,,707.457,45.23253,27.08678,-0.10873,,707.043,33.9217,26.05547,-0.17306
714.692,137.02097,18.6277,-0.14754,,715.945,68.67402,24.26927,-0.15155,,712.457,45.56573,27.0507,-0.10484,,712.043,34.17181,26.01201,-0.16952
719.692,138.02352,18.48262,-0.15177,,720.945,69.17443,24.18865,-0.15478,,717.457,45.89907,27.01812,-0.10296,,717.043,34.42082,25.97143,-0.16772
724.692,139.02343,18.31583,-0.14811,,725.945,69.67301,24.11114,-0.15698,,722.457,46.2312,26.98314,-0.10071,,722.043,34.67047,25.92852,-0.16521
729.692,140.02228,18.19354,-0.14381,,730.945,70.17215,24.03151,-0.15420,,727.457,46.56439,26.94994,-0.09524,,727.043,34.91941,25.88837,-0.16184
734.692,141.02148,18.03692,-0.15384,,735.945,70.67218,23.95802,-0.15213,,732.457,46.89629,26.91833,-0.09140,,732.043,35.17006,25.84859,-0.15669
739.692,142.01908,17.88751,-0.15674,,740.945,71.16754,23.88201,-0.15137,,737.457,47.2308,26.8898,-0.09104,,737.043,35.41158,25.80778,-0.14898
744.692,143.02085,17.72247,-0.14483,,745.945,71.65904,23.80834,-0.14524,,742.457,47.56002,26.8588,-0.09632,,742.043,35.66308,25.77344,-0.14094
749.692,144.00343,17.5697,-0.15009,,750.945,72.16155,23.73395,-0.13914,,747.457,47.88759,26.82778,-0.10457,,747.043,35.91347,25.74153,-0.13604
754.692,145.00394,17.42825,-0.15956,,755.945,72.66444,23.67198,-0.14001,,752.457,48.22327,26.78928,-0.10466,,752.043,36.1648,25.70452,-0.13263
759.692,146.01098,17.26528,-0.15478,,760.945,73.16683,23.59856,-0.14688,,757.457,48.55828,26.75543,-0.09980,,757.043,36.41516,25.67418,-0.13078
764.692,147.01367,17.0983,-0.15231,,765.945,73.66757,23.52079,-0.14966,,762.457,48.89361,26.7242,-0.09709,,762.043,36.66606,25.64292,-0.13355
769.692,148.01468,16.95034,-0.15333,,770.945,74.16846,23.44511,-0.14746,,767.457,49.22703,26.68891,-0.09139,,767.043,36.91687,25.61038,-0.13897
774.692,149.01423,16.80861,-0.15343,,775.945,74.66849,23.3731,-0.14922,,772.457,49.56231,26.6601,-0.08539,,772.043,37.16796,25.56973,-0.14084
779.692,150.01441,16.65452,-0.15827,,780.945,75.16751,23.29896,-0.15166,,777.457,49.89611,26.63604,-0.08987,,777.043,37.4182,25.53376,-0.13803
784.692,151.01378,16.48366,-0.15727,,785.945,75.6677,23.22122,-0.15182,,782.457,50.23014,26.60086,-0.09746,,782.043,37.66875,25.50213,-0.13458
789.692,152.01358,16.34068,-0.15501,,790.945,76.16725,23.14633,-0.15098,,787.457,50.56402,26.56873,-0.09886,,787.043,37.91879,25.46848,-0.13213
794.692,153.01204,16.19035,-0.15025,,795.945,76.66763,23.06712,-0.14636,,792.457,50.89793,26.53632,-0.09780,,792.043,38.16899,25.43472,-0.13111
799.692,154.0141,16.02338,-0.15916,,800.945,77.16693,22.99966,-0.13980,,797.457,51.23165,26.50261,-0.09722,,797.043,38.41923,25.40709,-0.13323
804.692,155.0142,15.87345,-0.14967,,805.945,77.66692,22.93211,-0.14001,,802.457,51.56483,26.47006,-0.09649,,802.043,38.6692,25.36799,-0.13568
809.692,156.01319,15.72705,-0.15736,,810.945,78.16586,22.86003,-0.14529,,807.457,51.89865,26.43987,-0.09605,,807.043,38.91943,25.33246,-0.13502
814.692,157.01393,15.55868,-0.16401,,815.945,78.66439,22.78257,-0.14690,,812.457,52.23198,26.40477,-0.09665,,812.043,39.16929,25.30116,-0.13517
819.692,158.01435,15.40059,-0.16458,,820.945,79.16408,22.715,-0.14647,,817.457,52.56553,26.37492,-0.09684,,817.043,39.41972,25.27067,-0.13895
824.692,159.01227,15.22545,-0.17459,,825.945,79.66442,22.63846,-0.14816,,822.457,52.8995,26.34098,-0.09532,,822.043,39.67029,25.22917,-0.14190
829.692,160.01167,15.05687,-0.17483,,830.945,80.16426,22.56745,-0.15219,,827.457,53.2329,26.31096,-0.09458,,827.043,39.92117,25.19689,-0.14234
834.692,161.01098,14.88467,-0.17856,,835.945,80.66329,22.48778,-0.15360,,832.457,53.56737,26.28068,-0.09793,,832.043,40.17166,25.16232,-0.14483
839.692,162.00976,14.68561,-0.17797,,840.945,81.16351,22.41006,-0.15291,,837.457,53.9018,26.24642,-0.10203,,837.043,40.4224,25.12498,-0.15034
844.692,163.00896,14.53638,-0.18228,,845.945,81.66294,22.33156,-0.15219,,842.457,54.23605,26.21106,-0.10304,,842.043,40.6732,25.08475,-0.15525
849.692,164.01001,14.3183,-0.18921,,850.945,82.16299,22.25939,-0.15202,,847.457,54.57035,26.17799,-0.10834,,847.043,40.92435,25.0469,-0.15877
854.692,165.01044,14.15259,-0.18702,,855.945,82.66291,22.18021,-0.15550,,852.457,54.90523,26.13983,-0.11778,,852.043,41.17507,25.00778,-0.16276
859.692,166.00942,13.96137,-0.20218,,860.945,83.16368,22.10499,-0.15811,,857.457,55.23936,26.10058,-0.12561,,857.043,41.4258,24.96099,-0.16803
864.692,167.00856,13.74657,-0.20651,,865.945,83.66342,22.01956,-0.15461,,862.457,55.5741,26.05429,-0.12768,,862.043,41.67675,24.92336,-0.17623
869.692,168.00958,13.53095,-0.19996,,870.945,84.16246,21.95561,-0.15630,,867.457,55.90809,26.00971,-0.12493,,867.043,41.92791,24.87864,-0.18577
874.692,169.00651,13.34412,-0.21028,,875.945,84.66234,21.86846,-0.16386,,872.457,56.24261,25.97228,-0.12599,,872.043,42.17937,24.82512,-0.18997
879.692,170.00732,13.11928,-0.21821,,880.945,85.16156,21.78388,-0.15964,,877.457,56.57693,25.92857,-0.13159,,877.043,42.43073,24.77956,-0.18997
884.692,171.00705,12.91632,-0.21647,,885.945,85.66014,21.70626,-0.15745,,882.457,56.91223,25.8813,-0.13629,,882.043,42.6824,24.73517,-0.19335
889.692,172.00435,12.70552,-0.21664,,890.945,86.16094,21.63061,-0.16573,,887.457,57.24708,25.83856,-0.14105,,887.043,42.93392,24.68305,-0.19948
894.692,173.00616,12.47469,-0.21816,,895.945,86.66066,21.53876,-0.16799,,892.457,57.58231,25.78694,-0.14787,,892.043,43.18561,24.63087,-0.20442
899.692,174.00606,12.26121,-0.23155,,900.945,87.1608,21.46462,-0.16529,,897.457,57.9179,25.74096,-0.15734,,897.043,43.43691,24.57976,-0.21186
904.692,175.00695,12.00785,-0.24748,,905.945,87.6605,21.377,-0.16919,,902.457,58.25247,25.68278,-0.16548,,902.043,43.68885,24.53122,-0.22618
909.692,176.00497,11.7511,-0.24206,,910.945,88.15854,21.29124,-0.17010,,907.457,58.58722,25.62699,-0.16887,,907.043,43.94027,24.46825,-0.24085
914.692,177.00511,11.52572,-0.24666,,915.945,88.65792,21.20832,-0.17447,,912.457,58.92165,25.57245,-0.17502,,912.043,44.19166,24.4026,-0.24587
919.692,178.00263,11.2637,-0.26015,,920.945,89.15773,21.121,-0.18352,,917.457,59.25528,25.50884,-0.18045,,917.043,44.44272,24.34248,-0.24362
924.692,179.00215,11.0077,-0.27927,,925.945,89.65781,21.02008,-0.18712,,922.457,59.58823,25.44886,-0.18070,,922.043,44.69364,24.2814,-0.24514
929.692,180.00177,10.71438,-0.28974,,930.945,90.15679,20.92803,-0.17901,,927.457,59.92047,25.39044,-0.18401,,927.043,44.9441,24.22485,-0.25396
934.692,181.00098,10.42063,-0.28361,,935.945,90.65642,20.84395,-0.17211,,932.457,60.25267,25.32851,-0.19275,,932.043,45.19409,24.15545,-0.26165
939.692,182.00077,10.15811,-0.28873,,940.945,91.15616,20.75875,-0.17251,,937.457,60.58421,25.2624,-0.20099,,937.043,45.44361,24.08559,-0.26529
944.692,182.99868,9.84196,-0.29475,,945.945,91.6555,20.67199,-0.17859,,942.457,60.91594,25.19403,-0.20983,,942.043,45.69288,24.02681,-0.27340
949.692,183.99889,9.55871,-0.29617,,950.945,92.15514,20.58109,-0.18407,,947.457,61.24709,25.12284,-0.21528,,947.043,45.9419,23.95453,-0.28702
954.692,184.99851,9.25253,-0.30685,,955.945,92.65316,20.48982,-0.18483,,952.457,61.57914,25.05026,-0.21594,,952.043,46.19034,23.88354,-0.29934
959.692,185.99921,8.94407,-0.30635,,960.945,93.15337,20.39619,-0.18342,,957.457,61.91104,24.97899,-0.22023,,957.043,46.43891,23.80199,-0.30725
964.692,186.99628,8.6429,-0.30034,,965.945,93.65254,20.30413,-0.17993,,962.457,62.24227,24.90477,-0.22678,,962.043,46.68716,23.72878,-0.31132
969.692,187.99433,8.34381,-0.32512,,970.945,94.15301,20.21622,-0.18013,,967.457,62.57433,24.82654,-0.22860,,967.043,46.93553,23.64945,-0.31525
974.692,188.99578,7.99745,-0.32813,,975.945,94.65279,20.12871,-0.18500,,972.457,62.90653,24.75347,-0.22915,,972.043,47.18354,23.57399,-0.32477
979.692,189.99495,7.69563,-0.32573,,980.945,95.15213,20.03345,-0.19303,,977.457,63.23913,24.67715,-0.23183,,977.043,47.43168,23.49535,-0.33824
984.692,190.99338,7.3536,-0.34381,,985.945,95.65136,19.93179,-0.20141,,982.457,63.57154,24.5971,-0.23097,,982.043,47.67978,23.39816,-0.34340
989.692,191.98951,7.00465,-0.33146,,990.945,96.15085,19.83385,-0.20271,,987.457,63.90375,24.52559,-0.23149,,987.043,47.92801,23.31539,-0.33808
994.692,192.99033,6.67997,-0.32714,,995.945,96.64984,19.73133,-0.20892,,992.457,64.23584,24.44763,-0.24530,,992.043,48.17587,23.23881,-0.33378
,,,,,,,,,,997.457,64.5674,24.35882,-0.25314,,997.043,48.42391,23.15115,-0.32660
